{"stats":{"minecraft:picked_up":{"minecraft:wooden_axe":2,"spore:mutated_heart":5,"minecraft:iron_chestplate":1,"minecraft:wheat":1,"minecraft:chainmail_boots":2,"minecraft:lead":3,"minecraft:enchanted_book":3,"minecraft:potion":4,"minecraft:brewing_stand":2,"spore:innards":2,"minecraft:string":5,"minecraft:sticky_piston":1,"minecraft:gold_nugget":18,"minecraft:cobbled_deepslate":171,"minecraft:bucket":1,"minecraft:calcite":8,"minecraft:melon_slice":17,"minecraft:furnace":7,"minecraft:stick":8,"minecraft:torch":64,"minecraft:acacia_log":12,"minecraft:quartz_block":11,"minecraft:stone_sword":6,"minecraft:light_gray_bed":1,"minecraft:rotten_flesh":20,"create:veridium":2,"minecraft:iron_bars":38,"minecraft:cobblestone":247,"minecraft:repeater":5,"minecraft:andesite":1,"minecraft:jungle_log":25,"minecraft:potato":21,"jeg:scrap":188,"minecraft:gray_concrete":18,"minecraft:lapis_lazuli":8,"minecraft:dirt":2,"minecraft:leather_boots":4,"minecraft:bone":10,"minecraft:acacia_planks":3,"minecraft:wheat_seeds":12,"minecraft:raw_gold":106,"minecraft:mossy_stone_bricks":5,"minecraft:fletching_table":1,"minecraft:glowstone_dust":3,"minecraft:mossy_stone_brick_stairs":1,"spore:cerebrum":6,"spore:armor_fragment":32,"minecraft:jungle_planks":4,"minecraft:nether_brick_stairs":5,"minecraft:fermented_spider_eye":1,"minecraft:acacia_stairs":1,"alexsmobs:animal_dictionary":9,"minecraft:mossy_cobblestone":8,"spore:claw_fragment":27,"minecraft:sugar":1,"minecraft:diamond":27,"minecraft:crossbow":1,"minecraft:granite":24,"minecraft:chainmail_helmet":2,"minecraft:bread":3,"minecraft:emerald":7,"spore:spine_fragment":5,"minecraft:oak_sapling":1,"iceandfire:silver_nugget":10,"iceandfire:raw_silver":8,"minecraft:crafting_table":24,"minecraft:brown_mushroom":3,"minecraft:wooden_pickaxe":4,"minecraft:stone_brick_wall":1,"jeg:scrap_workbench":1,"minecraft:spider_spawn_egg":1,"minecraft:cornflower":6,"minecraft:cracked_stone_bricks":68,"minecraft:beef":3,"minecraft:poppy":1,"minecraft:chest":2,"minecraft:egg":24,"minecraft:raw_iron":45,"spore:tumor":1,"minecraft:glow_item_frame":2,"minecraft:bowl":1,"minecraft:redstone":118,"minecraft:tnt":1,"minecraft:polished_granite_stairs":12,"minecraft:arrow":28,"quark:acacia_chest":1,"minecraft:diamond_boots":1,"minecraft:hay_block":6,"artifacts:running_shoes":1,"minecraft:gold_ingot":5,"minecraft:brick_stairs":3,"spore:tendons":31,"minecraft:mutton":4,"minecraft:bone_block":10,"minecraft:lime_bed":3,"minecraft:tripwire_hook":1,"minecraft:leather":18,"minecraft:yellow_dye":3,"minecraft:red_mushroom":4,"minecraft:chainmail_chestplate":1,"scalinghealth:heart_crystal":5,"minecraft:cooked_mutton":2,"minecraft:stone_bricks":6,"minecraft:rabbit_hide":4,"minecraft:iron_ingot":1,"minecraft:stone_pickaxe":10,"minecraft:cooked_chicken":8,"scalinghealth:power_crystal_shard":10,"spore:mutated_fiber":63,"minecraft:glass_bottle":5,"minecraft:iron_sword":1,"jeg:tech_trash":10,"minecraft:book":6,"scalinghealth:heart_crystal_shard":3,"iceandfire:copper_nugget":14,"minecraft:brush":1,"minecraft:dandelion":3,"minecraft:gravel":1,"minecraft:blast_furnace":2,"minecraft:spider_eye":3,"minecraft:slime_ball":2,"minecraft:stone_axe":9,"minecraft:gray_wool":6,"minecraft:baked_potato":4,"minecraft:black_wool":8,"minecraft:coal":63,"minecraft:sunflower":1},"minecraft:dropped":{"minecraft:iron_sword":1,"spore:spine_fragment":4,"minecraft:brown_mushroom":2,"minecraft:glass_bottle":1,"minecraft:crafting_table":2,"minecraft:glow_item_frame":1,"minecraft:mossy_stone_brick_stairs":1,"jeg:scrap":5,"minecraft:red_mushroom":2,"minecraft:gold_block":1,"minecraft:gray_concrete":6,"quark:acacia_chest":3,"minecraft:cornflower":1,"minecraft:gold_nugget":7,"minecraft:sunflower":1,"minecraft:bone":4,"minecraft:gravel":1,"minecraft:stone_axe":1,"minecraft:golden_chestplate":1,"alexsmobs:animal_dictionary":1,"minecraft:cobbled_deepslate":5,"minecraft:rotten_flesh":8,"minecraft:chainmail_chestplate":1,"minecraft:iron_bars":12,"minecraft:iron_ingot":1,"minecraft:mossy_cobblestone":8,"minecraft:iron_helmet":1,"minecraft:cobblestone":13,"minecraft:copper_ingot":1,"minecraft:chainmail_helmet":2,"minecraft:stick":2,"minecraft:gray_wool":1,"iceandfire:copper_nugget":5,"minecraft:torch":5,"minecraft:string":1,"minecraft:bucket":1,"spore:claw_fragment":1,"minecraft:acacia_planks":14,"iceandfire:silver_nugget":1,"minecraft:bowl":1,"minecraft:iron_boots":1,"spore:cerebrum":1,"spore:mutated_fiber":6,"minecraft:polished_granite_stairs":2,"minecraft:light_gray_bed":1,"minecraft:oak_sapling":1,"minecraft:stone_bricks":2,"spore:claw":1,"minecraft:spider_eye":7,"minecraft:black_wool":1},"minecraft:custom":{"minecraft:interact_with_crafting_table":34,"minecraft:open_barrel":27,"minecraft:leave_game":8,"minecraft:time_since_death":7759,"minecraft:sprint_one_cm":653140,"minecraft:damage_blocked_by_shield":1769,"minecraft:drop":87,"minecraft:play_noteblock":1,"minecraft:play_time":269209,"minecraft:deaths":43,"minecraft:jump":1896,"minecraft:interact_with_brewingstand":1,"minecraft:walk_on_water_one_cm":36706,"minecraft:interact_with_furnace":9,"minecraft:sleep_in_bed":2,"minecraft:damage_dealt":19625,"minecraft:player_kills":3,"minecraft:crouch_one_cm":10737,"minecraft:inspect_dispenser":1,"minecraft:inspect_dropper":4,"minecraft:mob_kills":86,"minecraft:damage_dealt_resisted":148,"minecraft:climb_one_cm":3931,"minecraft:walk_one_cm":432816,"minecraft:sneak_time":7620,"minecraft:walk_under_water_one_cm":9770,"minecraft:interact_with_blast_furnace":23,"minecraft:total_world_time":269209,"spartanshields:shield_bash_hits":10,"minecraft:tune_noteblock":1,"minecraft:time_since_rest":7781,"minecraft:damage_taken":20900,"minecraft:trigger_trapped_chest":1,"minecraft:swim_one_cm":13046,"minecraft:fly_one_cm":256311,"minecraft:open_chest":193,"minecraft:fall_one_cm":57338},"minecraft:killed":{"vampirism:vampire":3,"minecraft:witch":1,"minecraft:spider":3,"spore:leaper":2,"alexsmobs:murmur":1,"minecraft:skeleton":3,"minecraft:silverfish":10,"artifacts:mimic":1,"spore:inf_player":3,"spore:inf_wanderer":1,"minecraft:creeper":1,"minecraft:sheep":2,"spore:inf_villager":3,"spore:inf_human":7,"minecraft:zombie":24,"quark:toretoise":2,"minecraft:slime":4,"dungeonsmod:haunter":1,"minecraft:bat":2,"spore:brute":1,"spore:inf_pillager":6,"spore:busser":1},"minecraft:killed_by":{"spore:inf_human":5,"spore:inf_pillager":1,"spore:spitter":1,"spore:inf_player":6,"spore:inf_villager":3,"minecraft:zombie":13,"vampirism:vampire":2,"spore:leaper":2,"minecraft:player":1,"spore:inf_wanderer":1,"minecraft:skeleton":5,"spore:inf_witch":1},"minecraft:mined":{"create:deepslate_zinc_ore":5,"spore:wall_growths":5,"iceandfire:copper_pile":2,"minecraft:brewing_stand":1,"minecraft:granite":7,"minecraft:infested_cobblestone":4,"minecraft:yellow_carpet":1,"minecraft:jungle_log":11,"spore:fungal_stem":9,"minecraft:light_gray_bed":1,"minecraft:frosted_ice":4,"minecraft:spawner":13,"minecraft:mossy_cobblestone_stairs":5,"minecraft:cobbled_deepslate":2,"minecraft:iron_ore":19,"minecraft:sticky_piston":2,"minecraft:fire":4,"minecraft:fletching_table":1,"spore:growth_mycelium":5,"minecraft:nether_brick_stairs":11,"minecraft:cave_vines":2,"iceandfire:gold_pile":3,"minecraft:iron_bars":14,"scalinghealth:deepslate_power_crystal_ore":6,"create:veridium":3,"minecraft:polished_granite_stairs":2,"minecraft:piston_head":3,"minecraft:deepslate_redstone_ore":20,"minecraft:quartz_block":18,"spore:growths_big":7,"minecraft:torch":5,"minecraft:blast_furnace":2,"minecraft:calcite":1,"minecraft:poppy":1,"minecraft:chest":2,"minecraft:cobblestone":99,"minecraft:wall_torch":2,"minecraft:seagrass":2,"minecraft:repeater":2,"minecraft:wheat":1,"minecraft:stone_brick_stairs":2,"minecraft:grass":18,"minecraft:dirt":2,"minecraft:tripwire_hook":1,"minecraft:netherrack":1,"minecraft:deepslate":520,"minecraft:tuff":14,"spore:wall_growths_big":3,"iceandfire:silver_ore":6,"minecraft:mossy_cobblestone":22,"minecraft:deepslate_diamond_ore":19,"minecraft:nether_bricks":5,"minecraft:redstone_wire":7,"quark:acacia_chest":1,"spore:growths_small":9,"minecraft:hay_block":6,"minecraft:redstone_ore":1,"minecraft:furnace":2,"spore:blomfung":3,"minecraft:acacia_stairs":1,"minecraft:andesite":3,"minecraft:mossy_stone_brick_stairs":5,"minecraft:bookshelf":2,"minecraft:deepslate_iron_ore":17,"minecraft:cobblestone_slab":1,"minecraft:vine":7,"minecraft:stone":101,"scalinghealth:heart_crystal_ore":2,"minecraft:gray_concrete":20,"jeg:scrap_ore":12,"minecraft:observer":1,"minecraft:dandelion":3,"minecraft:crafting_table":8,"minecraft:cornflower":3,"minecraft:tall_grass":2,"minecraft:deepslate_coal_ore":17,"minecraft:lapis_ore":1,"minecraft:deepslate_gold_ore":31,"minecraft:big_dripleaf":1,"jeg:deepslate_scrap_ore":54,"minecraft:lime_bed":2,"spore:bloomfung2":16,"spore:fungal_stem_top":3,"minecraft:coal_ore":14,"iceandfire:silver_pile":3,"minecraft:sunflower":1,"minecraft:gravel":14,"minecraft:cobweb":1,"minecraft:cracked_stone_bricks":11,"minecraft:stone_bricks":6,"minecraft:mossy_stone_bricks":14,"minecraft:gold_ore":1},"minecraft:broken":{"minecraft:iron_chestplate":1,"minecraft:iron_leggings":1,"minecraft:diamond_boots":1,"minecraft:chainmail_chestplate":1,"minecraft:shield":1,"minecraft:leather_boots":1},"minecraft:used":{"minecraft:polished_granite_stairs":2,"minecraft:shield":38,"minecraft:iron_sword":197,"minecraft:lava_bucket":4,"minecraft:quartz_block":3,"minecraft:stone_bricks":1,"minecraft:bow":26,"minecraft:furnace":2,"minecraft:mossy_stone_bricks":1,"minecraft:stone_pickaxe":132,"minecraft:wooden_pickaxe":7,"minecraft:chainmail_helmet":1,"simplyswords:diamond_warglaive":71,"spore:tumor":1,"minecraft:gray_concrete":3,"minecraft:bread":17,"minecraft:chainmail_boots":1,"minecraft:iron_bars":3,"minecraft:flint_and_steel":17,"create:veridium":2,"minecraft:torch":91,"minecraft:brewing_stand":1,"minecraft:dirt":2,"scalinghealth:heart_crystal":7,"minecraft:granite":2,"minecraft:wooden_axe":12,"minecraft:iron_axe":18,"minecraft:cobbled_deepslate":32,"minecraft:acacia_planks":2,"minecraft:cooked_mutton":2,"minecraft:water_bucket":56,"minecraft:glass_bottle":40,"minecraft:baked_potato":2,"minecraft:cracked_stone_bricks":17,"minecraft:glow_item_frame":2,"minecraft:crafting_table":10,"minecraft:lime_bed":1,"quark:acacia_chest":1,"simplyswords:iron_greataxe":7,"minecraft:wooden_hoe":11,"minecraft:diamond_pickaxe":1128,"minecraft:acacia_stairs":1,"minecraft:diamond_shovel":5,"minecraft:iron_pickaxe":18,"jeg:scrap_workbench":1,"minecraft:stone_axe":59,"minecraft:cobblestone":257,"minecraft:potion":41,"minecraft:bucket":63,"alexsmobs:animal_dictionary":1,"minecraft:brush":18},"minecraft:crafted":{"sophisticatedbackpacks:crafting_upgrade":1,"minecraft:cooked_mutton":4,"sophisticatedbackpacks:backpack":1,"minecraft:crafting_table":6,"minecraft:wooden_pickaxe":1,"minecraft:copper_ingot":1,"minecraft:gold_block":14,"sophisticatedbackpacks:upgrade_base":1,"minecraft:wooden_hoe":1,"minecraft:yellow_dye":3,"quark:torch_arrow":4,"minecraft:shield":1,"minecraft:stick":36,"minecraft:iron_ingot":85,"spore:plated_muscle":4,"minecraft:stone_sword":2,"minecraft:gold_ingot":66,"spore:claw":1,"minecraft:furnace":2,"minecraft:flint_and_steel":1,"quark:acacia_chest":5,"minecraft:iron_axe":1,"minecraft:stone_pickaxe":2,"minecraft:wheat":54,"sophisticatedbackpacks:iron_backpack":1,"iceandfire:silver_ingot":1,"sophisticatedbackpacks:gold_backpack":1,"minecraft:bucket":2,"minecraft:stone_axe":2,"minecraft:air":0,"minecraft:bread":18,"minecraft:jungle_planks":44,"minecraft:raw_gold":72,"minecraft:wooden_axe":1,"minecraft:acacia_planks":8,"minecraft:torch":64}},"DataVersion":3465}