{"stats":{"minecraft:picked_up":{"quark:diamond_heart":1,"spore:mutated_heart":6,"minecraft:iron_chestplate":2,"minecraft:chainmail_boots":1,"minecraft:lead":1,"minecraft:enchanted_book":2,"minecraft:potion":1,"minecraft:stone_brick_stairs":2,"minecraft:brewing_stand":1,"spore:innards":1,"minecraft:string":2,"minecraft:sticky_piston":2,"minecraft:zombie_head":1,"minecraft:cobbled_deepslate":302,"minecraft:bucket":1,"minecraft:white_tulip":1,"minecraft:melon_slice":7,"minecraft:iron_boots":4,"minecraft:furnace":1,"minecraft:stick":10,"minecraft:jukebox":1,"minecraft:torch":6,"minecraft:acacia_log":10,"vampirism:vampire_fang":3,"minecraft:zombie_spawn_egg":1,"minecraft:quartz_block":7,"minecraft:light_gray_bed":1,"minecraft:rotten_flesh":26,"create:veridium":2,"minecraft:obsidian":12,"minecraft:iron_bars":19,"minecraft:cobblestone":168,"minecraft:feather":1,"minecraft:repeater":4,"minecraft:iron_door":1,"minecraft:andesite":9,"minecraft:smoker":1,"minecraft:potato":10,"minecraft:tuff":32,"jeg:scrap":91,"minecraft:bat_spawn_egg":1,"minecraft:gray_concrete":6,"minecraft:dirt":34,"minecraft:leather_boots":2,"minecraft:bone":11,"minecraft:acacia_planks":15,"minecraft:bow":3,"minecraft:wheat_seeds":10,"minecraft:raw_gold":3,"minecraft:glowstone_dust":2,"minecraft:mossy_stone_bricks":4,"minecraft:oak_planks":1,"minecraft:pitcher_pod":1,"minecraft:mossy_stone_brick_stairs":1,"spore:cerebrum":6,"spore:armor_fragment":4,"minecraft:nether_brick_stairs":3,"alexsmobs:animal_dictionary":1,"minecraft:mossy_cobblestone":16,"spore:claw_fragment":4,"minecraft:skeleton_spawn_egg":1,"minecraft:yellow_carpet":2,"minecraft:diamond":9,"minecraft:granite":4,"minecraft:emerald":1,"spore:spine_fragment":4,"minecraft:oak_sapling":1,"iceandfire:silver_nugget":1,"minecraft:bricks":1,"minecraft:diamond_pickaxe":2,"minecraft:crafting_table":1,"minecraft:splash_potion":1,"minecraft:chicken":2,"minecraft:leather_leggings":1,"minecraft:brown_mushroom":1,"minecraft:wooden_pickaxe":1,"minecraft:stone_brick_wall":1,"minecraft:gold_block":1,"jeg:scrap_workbench":1,"minecraft:shield":1,"minecraft:cornflower":2,"minecraft:cracked_stone_bricks":52,"minecraft:cartography_table":1,"minecraft:observer":2,"minecraft:egg":10,"minecraft:raw_iron":21,"spore:wing_membrane":1,"minecraft:copper_ingot":1,"minecraft:redstone":47,"minecraft:stone_pressure_plate":2,"minecraft:arrow":11,"quark:acacia_chest":5,"alexscaves:spelunkery_table":2,"spore:zoaholic":1,"minecraft:brick_stairs":1,"spore:tendons":3,"minecraft:bone_block":2,"minecraft:stripped_oak_log":5,"spore:claw":1,"minecraft:leather":2,"minecraft:oak_log":7,"scalinghealth:heart_crystal":4,"minecraft:stone_bricks":5,"minecraft:iron_ingot":1,"minecraft:stone_pickaxe":3,"minecraft:cobweb":4,"spore:mutated_fiber":82,"minecraft:glass_bottle":1,"jeg:double_barrel_shotgun":1,"jeg:tech_trash":6,"minecraft:book":3,"scalinghealth:heart_crystal_shard":22,"minecraft:chiseled_stone_bricks":2,"minecraft:gravel":11,"minecraft:blast_furnace":1,"jeg:handmade_shell":65,"minecraft:stone_axe":1,"minecraft:mossy_cobblestone_stairs":1,"minecraft:damaged_anvil":1,"minecraft:coal":60,"minecraft:sunflower":1},"minecraft:dropped":{"minecraft:baked_potato":4,"minecraft:glass_bottle":3,"minecraft:leather":18,"minecraft:cracked_stone_bricks":50,"minecraft:emerald":1,"jeg:scrap_workbench":1,"quark:acacia_chest":1,"minecraft:brush":1,"minecraft:cornflower":2,"minecraft:gravel":11,"minecraft:rotten_flesh":4,"vampirism:vampire_fang":1,"minecraft:quartz_block":2,"minecraft:stone_brick_wall":1,"minecraft:leather_boots":2,"minecraft:leather_leggings":1,"minecraft:iron_bars":6,"minecraft:arrow":5,"minecraft:stone_brick_stairs":2,"spore:armor_fragment":2,"minecraft:egg":3,"minecraft:enchanted_book":2,"minecraft:iron_ingot":1,"minecraft:bread":3,"minecraft:wheat_seeds":9,"minecraft:mossy_cobblestone":11,"minecraft:iron_helmet":1,"minecraft:feather":1,"minecraft:cobblestone":18,"minecraft:lead":1,"minecraft:observer":2,"minecraft:copper_ingot":33,"minecraft:coal":25,"minecraft:yellow_carpet":1,"minecraft:stick":4,"minecraft:brewing_stand":1,"minecraft:torch":4,"minecraft:repeater":4,"minecraft:melon_slice":3,"minecraft:iron_door":1,"minecraft:potion":2,"spore:mutated_heart":1,"minecraft:mossy_cobblestone_stairs":1,"minecraft:string":2,"minecraft:bucket":1,"spore:claw_fragment":3,"minecraft:acacia_planks":1,"minecraft:sticky_piston":1,"minecraft:chicken":2,"minecraft:iron_boots":5,"minecraft:potato":15,"minecraft:iron_chestplate":4,"minecraft:diamond_pickaxe":2,"minecraft:mossy_stone_bricks":2,"minecraft:oak_sapling":1,"minecraft:stone_pressure_plate":2,"minecraft:stone_bricks":2,"minecraft:diamond_boots":1,"minecraft:bow":1,"minecraft:stone_pickaxe":3,"minecraft:wooden_pickaxe":1},"minecraft:custom":{"minecraft:interact_with_crafting_table":28,"minecraft:open_barrel":38,"minecraft:leave_game":17,"minecraft:time_since_death":31228,"minecraft:sprint_one_cm":678330,"minecraft:damage_blocked_by_shield":1171,"minecraft:drop":124,"minecraft:play_time":449031,"minecraft:deaths":45,"minecraft:jump":1965,"minecraft:interact_with_brewingstand":1,"minecraft:walk_on_water_one_cm":44812,"minecraft:interact_with_furnace":2,"minecraft:interact_with_cartography_table":1,"minecraft:interact_with_loom":4,"minecraft:sleep_in_bed":2,"minecraft:damage_dealt":19322,"minecraft:player_kills":1,"minecraft:crouch_one_cm":25189,"minecraft:interact_with_smoker":2,"minecraft:inspect_dispenser":1,"minecraft:inspect_dropper":5,"minecraft:mob_kills":82,"minecraft:damage_dealt_resisted":194,"minecraft:climb_one_cm":3408,"vampirism:amount_bitten":34,"minecraft:walk_one_cm":603211,"vampirism:skills_unlocked":25,"minecraft:sneak_time":18341,"minecraft:walk_under_water_one_cm":33100,"minecraft:interact_with_blast_furnace":2,"minecraft:total_world_time":449031,"vampirism:blood_drunk":4000,"spartanshields:shield_bash_hits":4,"minecraft:time_since_rest":31260,"vampirism:resurrected":1,"minecraft:damage_taken":18946,"minecraft:trigger_trapped_chest":3,"minecraft:swim_one_cm":22850,"minecraft:fly_one_cm":3147550,"minecraft:open_chest":170,"minecraft:fall_one_cm":128713},"minecraft:killed":{"alexsmobs:hummingbird":1,"vampirism:vampire":1,"minecraft:witch":1,"minecraft:spider":1,"minecraft:skeleton":9,"minecraft:silverfish":8,"spore:inf_player":9,"spore:inf_wanderer":1,"spore:inf_villager":7,"minecraft:zombie":9,"spore:inf_human":18,"spore:howler":1,"minecraft:horse":1,"spore:inf_pillager":7,"alexsmobs:cockroach":1,"spore:inf_witch":1,"spore:inf_husk":3},"minecraft:killed_by":{"minecraft:creeper":1,"spore:inf_human":2,"alexsmobs:murmur_head":1,"spore:inf_pillager":3,"spore:inf_player":3,"spore:inf_villager":1,"minecraft:zombie":3,"vampirism:vampire":2,"spore:leaper":1,"minecraft:player":3,"spore:busser":3,"minecraft:skeleton":5,"iceandfire:troll":1},"minecraft:mined":{"minecraft:stone_pressure_plate":2,"spore:wall_growths":3,"minecraft:jungle_leaves":14,"minecraft:brewing_stand":1,"minecraft:obsidian":14,"minecraft:granite":4,"minecraft:acacia_log":12,"minecraft:stone_brick_wall":1,"minecraft:grass_block":23,"minecraft:infested_cobblestone":4,"spore:fungal_stem":8,"minecraft:frosted_ice":3,"minecraft:spawner":21,"minecraft:chiseled_stone_bricks":2,"minecraft:smooth_stone":2,"minecraft:mossy_cobblestone_stairs":2,"minecraft:iron_ore":4,"minecraft:cobbled_deepslate":11,"minecraft:fire":9,"spore:growth_mycelium":39,"minecraft:nether_brick_stairs":6,"minecraft:iron_bars":19,"spore:zoaholic":1,"minecraft:azalea_leaves":1,"create:veridium":1,"minecraft:tripwire":3,"minecraft:quartz_block":2,"minecraft:smoker":1,"scalinghealth:deepslate_heart_crystal_ore":9,"spore:growths_big":32,"minecraft:blast_furnace":1,"minecraft:cobblestone":59,"minecraft:oak_planks":1,"minecraft:damaged_anvil":1,"minecraft:bricks":1,"minecraft:iron_door":1,"minecraft:repeater":7,"minecraft:jukebox":1,"minecraft:tnt":1,"minecraft:grass":76,"minecraft:oak_log":7,"minecraft:dirt":11,"minecraft:deepslate":144,"minecraft:oak_leaves":1,"spore:remains":4,"minecraft:infested_deepslate":2,"alexscaves:spelunkery_table":2,"minecraft:tuff":20,"spore:wall_growths_big":13,"minecraft:mossy_cobblestone":19,"minecraft:deepslate_diamond_ore":5,"minecraft:nether_bricks":1,"minecraft:redstone_wire":52,"quark:acacia_chest":1,"minecraft:cartography_table":1,"spore:growths_small":19,"minecraft:furnace":1,"spore:blomfung":21,"minecraft:andesite":8,"minecraft:mossy_stone_brick_stairs":1,"minecraft:bookshelf":1,"minecraft:potatoes":2,"minecraft:vine":13,"minecraft:stripped_oak_log":5,"minecraft:stone":80,"minecraft:bone_block":2,"scalinghealth:heart_crystal_ore":1,"jeg:scrap_ore":20,"minecraft:crafting_table":1,"minecraft:tall_grass":17,"jeg:deepslate_scrap_ore":8,"jeg:scrap_workbench":1,"spore:bloomfung2":61,"spore:fungal_stem_top":6,"minecraft:coal_ore":19,"minecraft:pitcher_crop":1,"minecraft:gravel":2,"minecraft:cracked_stone_bricks":9,"minecraft:stone_bricks":4,"minecraft:mossy_stone_bricks":2,"minecraft:fern":1},"minecraft:broken":{"minecraft:stone_axe":1},"minecraft:used":{"minecraft:bone_block":2,"minecraft:shield":20,"minecraft:iron_sword":5,"minecraft:tuff":17,"minecraft:bricks":1,"minecraft:quartz_block":5,"minecraft:stone_bricks":3,"minecraft:bow":5,"minecraft:egg":1,"minecraft:stone_pickaxe":66,"minecraft:wooden_pickaxe":14,"minecraft:mossy_stone_brick_stairs":1,"minecraft:golden_apple":1,"minecraft:pitcher_pod":1,"minecraft:sticky_piston":3,"minecraft:diamond_sword":239,"minecraft:andesite":9,"spore:infected_human_spawnegg":12,"minecraft:iron_bars":10,"minecraft:stone_sword":117,"minecraft:white_tulip":1,"create:veridium":2,"minecraft:torch":10,"minecraft:dirt":34,"scalinghealth:heart_crystal":6,"minecraft:yellow_carpet":1,"minecraft:nether_brick_stairs":3,"minecraft:iron_axe":18,"alexscaves:spelunkery_table":1,"jeg:double_barrel_shotgun":14,"minecraft:cobbled_deepslate":78,"minecraft:iron_leggings":1,"minecraft:glass_bottle":2,"minecraft:cracked_stone_bricks":1,"minecraft:mossy_cobblestone":5,"minecraft:crafting_table":1,"quark:acacia_chest":3,"alexsmobs:spawn_egg_murmur":1,"minecraft:diamond_pickaxe":568,"jeg:scrap_workbench":1,"minecraft:stone_axe":63,"minecraft:chiseled_stone_bricks":2,"minecraft:cobblestone":79,"minecraft:potion":4,"minecraft:bucket":1,"alexsmobs:animal_dictionary":4,"minecraft:brush":5,"minecraft:splash_potion":1},"minecraft:crafted":{"minecraft:oak_planks":36,"minecraft:lever":2,"sophisticatedbackpacks:crafting_upgrade":1,"sophisticatedbackpacks:backpack":1,"minecraft:crafting_table":2,"minecraft:wooden_pickaxe":1,"sophisticatedbackpacks:upgrade_base":2,"minecraft:shield":1,"minecraft:stick":16,"minecraft:stone_sword":2,"minecraft:gold_ingot":9,"sophisticatedbackpacks:jukebox_upgrade":1,"minecraft:bone_meal":3,"quark:acacia_chest":2,"jeg:scrap_workbench":1,"minecraft:iron_axe":1,"minecraft:stone_pickaxe":1,"sophisticatedbackpacks:iron_backpack":1,"sophisticatedbackpacks:gold_backpack":1,"scalinghealth:heart_crystal":1,"minecraft:stone_axe":1,"jeg:scrap_block":1,"minecraft:golden_apple":8,"minecraft:white_dye":1,"minecraft:acacia_planks":40,"minecraft:torch":8}},"DataVersion":3465}